{"cls_accuracy": 0.046875, "data_time": 0.0006038000000074817, "eta_seconds": 35646.75191000047, "iteration": 199, "loss_cls": 46.63792610168457, "loss_triplet": 17.657846450805664, "lr": 6.63425e-05, "time": 0.24769489999999905, "total_loss": 64.24959182739258}
{"cls_accuracy": 0.046875, "data_time": 0.0006596500000028982, "eta_seconds": 35621.62952399995, "iteration": 399, "loss_cls": 46.46839141845703, "loss_triplet": 17.0507755279541, "lr": 9.784250000000001e-05, "time": 0.24573454999999456, "total_loss": 63.24478244781494}
{"cls_accuracy": 0.03125, "data_time": 0.0006092500000107748, "eta_seconds": 35521.16385600034, "iteration": 599, "loss_cls": 46.542720794677734, "loss_triplet": 17.87726593017578, "lr": 0.0001293425, "time": 0.2460681999999963, "total_loss": 64.50271034240723}
{"cls_accuracy": 0.0390625, "data_time": 0.0005861000000066952, "eta_seconds": 35498.47016800038, "iteration": 799, "loss_cls": 46.59505081176758, "loss_triplet": 17.719626426696777, "lr": 0.0001608425, "time": 0.24476975000000323, "total_loss": 64.51398849487305}
{"cls_accuracy": 0.046875, "data_time": 0.0006261000000051808, "eta_seconds": 35426.02230399983, "iteration": 999, "loss_cls": 46.54026412963867, "loss_triplet": 18.218582153320312, "lr": 0.0001923425, "time": 0.24499510000001123, "total_loss": 64.59037590026855}
{"cls_accuracy": 0.046875, "data_time": 0.0006311500000037995, "eta_seconds": 35627.18542799875, "iteration": 1199, "loss_cls": 46.569557189941406, "loss_triplet": 13.702793598175049, "lr": 0.0002238425, "time": 0.25803914999997346, "total_loss": 60.35279703140259}
{"cls_accuracy": 0.046875, "data_time": 0.0005892499999902157, "eta_seconds": 35893.17985400095, "iteration": 1399, "loss_cls": 46.573585510253906, "loss_triplet": 13.46865463256836, "lr": 0.0002553425, "time": 0.25520095000001675, "total_loss": 60.130709171295166}
{"cls_accuracy": 0.03125, "data_time": 0.000671150000016496, "eta_seconds": 36084.29977600172, "iteration": 1599, "loss_cls": 46.738534927368164, "loss_triplet": 13.64161491394043, "lr": 0.0002868425, "time": 0.25436414999998647, "total_loss": 60.39662504196167}
{"cls_accuracy": 0.03125, "data_time": 0.0005984499999840409, "eta_seconds": 36295.03984800415, "iteration": 1799, "loss_cls": 46.80665588378906, "loss_triplet": 13.47848653793335, "lr": 0.0003183425, "time": 0.2551140999999859, "total_loss": 60.28669834136963}
{"cls_accuracy": 0.046875, "data_time": 0.0005373999999847001, "eta_seconds": 36435.221627993524, "iteration": 1999, "loss_cls": 46.47398567199707, "loss_triplet": 13.938662052154541, "lr": 0.0003498425, "time": 0.2558193500000243, "total_loss": 60.55079650878906}
{"cls_accuracy": 0.046875, "data_time": 0.0005657499999642823, "eta_seconds": 36369.266355996464, "iteration": 2199, "loss_cls": 46.553985595703125, "loss_triplet": 13.693976402282715, "lr": 0.00035, "time": 0.2552747000000295, "total_loss": 60.391520500183105}
